#REF_BACEN;NU_ORDEM;NU_INDICE;GT_GEOMETRIA
513320053;1;0;POLYGON ((-41.415449 -21.063423 0,-41.415176 -21.064579 0,-41.414682999999897 -21.06489 0,-41.414307 -21.065582 0,-41.414017 -21.066923 0,-41.413991 -21.067193 0,-41.413798 -21.067466 0,-41.413677 -21.067447 0,-41.413543 -21.067629 0,-41.413603 -21.067731 0,-41.41374 -21.067826 0,-41.413879 -21.068495 0,-41.413739 -21.068661 0,-41.413521 -21.068429 0,-41.413208 -21.068582 0,-41.413211 -21.068727 0,-41.412888 -21.069016999999899 0,-41.412561 -21.069152 0,-41.411575 -21.069069 0,-41.411117 -21.068991 0,-41.410761 -21.069486 0,-41.409365 -21.069766 0,-41.407792 -21.070954 0,-41.405824 -21.069843 0,-41.405815 -21.067674 0,-41.405285 -21.06701 0,-41.405405 -21.066703 0,-41.406066 -21.065473 0,-41.406347 -21.065457 0,-41.406909 -21.065514 0,-41.4073 -21.065208 0,-41.407499 -21.065003 0,-41.409218 -21.065362 0,-41.409488 -21.065209 0,-41.409911 -21.065275 0,-41.410158 -21.065578 0,-41.41043 -21.065676 0,-41.410665 -21.065721 0,-41.410826 -21.065795 0,-41.411104 -21.06603 0,-41.411633 -21.065925 0,-41.412107 -21.065409 0,-41.412225 -21.065509 0,-41.412015 -21.065999 0,-41.41212 -21.066474 0,-41.412986 -21.066272 0,-41.413226 -21.065479 0,-41.413532 -21.06542 0,-41.413778 -21.065082 0,-41.413698 -21.064626 0,-41.413518 -21.064525 0,-41.413614 -21.064202 0,-41.413731 -21.064023 0,-41.415065 -21.063392 0,-41.415449 -21.063423 0))
513320054;1;0;POLYGON ((-46.405792 -21.920179 0,-46.405422 -21.922702 0,-46.40609 -21.923085 0,-46.406061 -21.923965 0,-46.40624 -21.925838 0,-46.404029 -21.926087 0,-46.4037 -21.924185 0,-46.403635 -21.921817 0,-46.402583 -21.92063 0,-46.40287 -21.920216 0,-46.404533 -21.919706 0,-46.405433 -21.919318 0,-46.405787 -21.919317 0,-46.405792 -21.920179 0))
513320055;1;0;POLYGON ((-49.965917 -6.661341 0,-49.971962 -6.659878 0,-49.973221 -6.662293 0,-49.966744 -6.664896 0,-49.965917 -6.661341 0))
513320060;1;0;POLYGON ((-51.970245999999896 -22.037713 0,-51.971082 -22.03504 0,-51.976005 -22.031928 0,-51.976226 -22.033455 0,-51.974787 -22.034962 0,-51.97422 -22.036689 0,-51.974791 -22.037845 0,-51.970245999999896 -22.037713 0))
513320061;1;0;POLYGON ((-52.388231 -25.773287 0,-52.388041 -25.773503 0,-52.387466 -25.773643 0,-52.387093 -25.774003 0,-52.386798 -25.774221 0,-52.38598 -25.773869 0,-52.385502 -25.773516999999899 0,-52.385025 -25.773226 0,-52.384566 -25.772862 0,-52.384068 -25.772159 0,-52.384069 -25.771892 0,-52.384 -25.771571 0,-52.383496 -25.771691 0,-52.382799 -25.771614 0,-52.382768 -25.771916999999899 0,-52.382107 -25.771896 0,-52.381917 -25.771614 0,-52.381864 -25.771196 0,-52.381946 -25.770213 0,-52.382342 -25.769978 0,-52.382259 -25.769573 0,-52.382415 -25.769388 0,-52.383599 -25.769607 0,-52.383617 -25.769801 0,-52.383013 -25.76986 0,-52.382763 -25.770371 0,-52.382411 -25.770564 0,-52.382393 -25.770721 0,-52.382754 -25.770605 0,-52.382773 -25.770982 0,-52.38423 -25.770845 0,-52.384375999999897 -25.770367 0,-52.383777 -25.769806 0,-52.383768 -25.769684 0,-52.384731 -25.769693 0,-52.385957 -25.769748 0,-52.386019 -25.770609 0,-52.386088 -25.771026 0,-52.386223 -25.771391 0,-52.386566 -25.771859 0,-52.387393 -25.772438 0,-52.388231 -25.773287 0))
513320062;1;0;POLYGON ((-53.832098037720002 -25.820333893920001 0,-53.8311791231 -25.821410716140001 0,-53.830663977180002 -25.820286512709998 0,-53.830177961300002 -25.819735940809998 0,-53.831258730450003 -25.818871980090002 0,-53.831552562239999 -25.819088921189898 0,-53.83163726563 -25.819245607620001 0,-53.831660059980003 -25.819636245630001 0,-53.831726123739998 -25.819871862029999 0,-53.831816617779999 -25.82003488929 0,-53.832014126019999 -25.820410911949999 0,-53.83212988735 -25.820279225419998 0,-53.831965170769998 -25.820151672470001 0,-53.831804843539999 -25.819910492679998 0,-53.831735990699997 -25.819732363539899 0,-53.831688387520003 -25.81951918176 0,-53.831646144929998 -25.819107050289901 0,-53.831592945810002 -25.818975221919999 0,-53.831529454440002 -25.818801782049999 0,-53.832798794090003 -25.81786950715 0,-53.833156438940001 -25.818312456360001 0,-53.83325303 -25.819052426460001 0,-53.832098037720002 -25.820333893920001 0))
513320062;1;1;POLYGON ((-53.830171794030001 -25.81973843431 0,-53.829462998959997 -25.819306515499999 0,-53.829021846060002 -25.81921452512 0,-53.828852107869999 -25.81890435088 0,-53.828711794279997 -25.818802734750001 0,-53.82854711953 -25.818796624179999 0,-53.828528274360004 -25.81874183947 0,-53.829659565690001 -25.818185238310001 0,-53.829990632440001 -25.818480617 0,-53.830347593749998 -25.8186040023899 0,-53.830594799999901 -25.818671336200001 0,-53.830775902889897 -25.81871420457 0,-53.83096642572 -25.818770617889999 0,-53.831080572109997 -25.818817151739999 0,-53.83115343459 -25.818873118669998 0,-53.831222802039903 -25.8188644608 0,-53.831352274540002 -25.81872148755 0,-53.83098110772 -25.818508499570001 0,-53.830684617869998 -25.81838747206 0,-53.830453046770003 -25.818291879379998 0,-53.830011497370002 -25.818048106380001 0,-53.831898309880003 -25.817009973280001 0,-53.83224717321 -25.8173379118799 0,-53.832460332749903 -25.81748210136 0,-53.832602478810003 -25.81767006826 0,-53.832802305980003 -25.81786200434 0,-53.831510971550003 -25.818815149870002 0,-53.831422608139903 -25.818769896269998 0,-53.831383284109997 -25.81873603016 0,-53.831250870140003 -25.818876321459999 0,-53.830171794030001 -25.81973843431 0))
513320062;1;2;POLYGON ((-53.797349839390002 -25.817764136739999 0,-53.797155926899997 -25.818118972920001 0,-53.797030462510001 -25.818363218439998 0,-53.796937994159997 -25.81866167491 0,-53.796857921739999 -25.81869180464 0,-53.793861357140003 -25.813997562200001 0,-53.794043630220003 -25.813701106669999 0,-53.79497331516 -25.812675449179999 0,-53.797349839390002 -25.817764136739999 0))
513320062;1;3;POLYGON ((-53.796854837490002 -25.818681815310001 0,-53.796814152380001 -25.818823802490002 0,-53.796795424560003 -25.819386550410002 0,-53.796562595929998 -25.81944464539 0,-53.796325996690001 -25.819375126840001 0,-53.796131918870003 -25.81928959359 0,-53.795421783849903 -25.818873346570001 0,-53.794897343690003 -25.818117130499999 0,-53.794652719920002 -25.817796898939999 0,-53.794417495239998 -25.81745983934 0,-53.794202849340003 -25.817183960160001 0,-53.794010679320003 -25.816934263250001 0,-53.793708697980001 -25.816481888599998 0,-53.7934972200499 -25.815929685650001 0,-53.79353637178 -25.815254156710001 0,-53.793659885419899 -25.814486006309998 0,-53.793839147310003 -25.813978735559999 0,-53.796854837490002 -25.818681815310001 0))
513320062;1;4;POLYGON ((-53.828318621580003 -25.814472016740002 0,-53.828365743329996 -25.814125265769899 0,-53.828121077170003 -25.813588183509999 0,-53.828700836460001 -25.81348788519 0,-53.83016250176 -25.813407999430002 0,-53.83127964653 -25.813386838300001 0,-53.832025049569999 -25.813484140869999 0,-53.832808246 -25.81378401561 0,-53.833273671129902 -25.81407936087 0,-53.833815494279897 -25.814476453960001 0,-53.834553934059997 -25.8147946108 0,-53.835952099099998 -25.815381467280002 0,-53.836304689930003 -25.815515806019999 0,-53.836815122049998 -25.81570722356 0,-53.836871290369999 -25.815789738020001 0,-53.835973837529998 -25.815892686830001 0,-53.835045890010001 -25.815910098450001 0,-53.83414615089 -25.815930129569999 0,-53.833399745969999 -25.815269400559998 0,-53.83281163945 -25.814856637959998 0,-53.832343286239997 -25.814563909979999 0,-53.831695543450003 -25.814328367569999 0,-53.831047934970002 -25.814250479110001 0,-53.829678192229999 -25.814303437780001 0,-53.828318621580003 -25.814472016740002 0))
513320062;1;5;POLYGON ((-53.833437468379998 -25.815951913669998 0,-53.833356836130001 -25.816684707789999 0,-53.833065483749998 -25.816468486830001 0,-53.832921533860002 -25.816334505979999 0,-53.832559985140001 -25.815767543829999 0,-53.832088719509997 -25.815613836059999 0,-53.83189371516 -25.815615385819999 0,-53.831532938419898 -25.815822474410002 0,-53.830775685230002 -25.815900185069999 0,-53.829781532029997 -25.815852988930001 0,-53.829169271230001 -25.81584255225 0,-53.829085847149997 -25.81576320249 0,-53.828293395160003 -25.81585081599 0,-53.82830785102 -25.815049033249998 0,-53.828320288340002 -25.814468893560001 0,-53.829677308299999 -25.81429846644 0,-53.831019022630002 -25.814250158189999 0,-53.831673967459999 -25.814328503399999 0,-53.832374778419997 -25.814581796159999 0,-53.83335709208 -25.815236742250001 0,-53.834139952409998 -25.815932924910001 0,-53.833437468379998 -25.815951913669998 0))
513320062;1;6;POLYGON ((-53.830330389979999 -25.816542624019899 0,-53.828161325149999 -25.816630752590001 0,-53.828157664499997 -25.816371058990001 0,-53.828392005360001 -25.81623612556 0,-53.828429357159997 -25.815872397050001 0,-53.829033930369903 -25.815770492270001 0,-53.828795937770003 -25.816007331680002 0,-53.828914599649998 -25.816149794440001 0,-53.829139898089998 -25.8159272751099 0,-53.830458495389998 -25.81593194421 0,-53.830742629920003 -25.815948604940001 0,-53.831131411240001 -25.81590813651 0,-53.831530921400002 -25.81583145027 0,-53.831860977950001 -25.815717939700001 0,-53.832085505199998 -25.815733800050001 0,-53.832451682200002 -25.815905225289999 0,-53.832915121660001 -25.816327431209899 0,-53.833031408849997 -25.81644046237 0,-53.833349397079999 -25.8167183919 0,-53.833260427559999 -25.817502345579999 0,-53.833225156060003 -25.817606135179901 0,-53.8330910492 -25.817479282570002 0,-53.832767882680002 -25.817115148780001 0,-53.832324016759998 -25.816664091770001 0,-53.832238288070002 -25.816600768730002 0,-53.832144512760003 -25.816564005229999 0,-53.83200827692 -25.816546698309999 0,-53.831880087709997 -25.81654146392 0,-53.831658920380001 -25.816533265619999 0,-53.831436847989998 -25.816556558670001 0,-53.83113572928 -25.816588722900001 0,-53.830410856249998 -25.816540209519999 0,-53.830330389979999 -25.816542624019899 0))
513320062;1;7;POLYGON ((-53.830975032589997 -25.816698169590001 0,-53.83101855428 -25.81673791926 0,-53.831291658369999 -25.81686676739 0,-53.831455564510001 -25.816894493540001 0,-53.831616211730001 -25.8168830288 0,-53.831759387250003 -25.816911269039998 0,-53.83187842289 -25.817002286200001 0,-53.830939826330003 -25.817459428060001 0,-53.830038780690003 -25.817960028750001 0,-53.829903598149997 -25.81792770905 0,-53.829734297069997 -25.817797744939998 0,-53.829720734810003 -25.817664590269999 0,-53.829775068819998 -25.817325636010001 0,-53.829941170589997 -25.817009200920001 0,-53.830095469169997 -25.81685420738 0,-53.830402118350001 -25.816790144270001 0,-53.830817171390002 -25.816851575479902 0,-53.83117979675 -25.81692073947 0,-53.831217874819998 -25.816878836520001 0,-53.830941772400003 -25.8167607461899 0,-53.830518436889903 -25.816678348530001 0,-53.830396579080002 -25.816671250100001 0,-53.830296178940003 -25.816690711210001 0,-53.830116836339997 -25.816736876930001 0,-53.829983242010002 -25.81679912637 0,-53.829857694319998 -25.816892764249999 0,-53.829746749369903 -25.817025045529999 0,-53.829643851050001 -25.817193544049999 0,-53.829633255449998 -25.817255242209999 0,-53.8296245485 -25.81728448186 0,-53.82941385206 -25.81799081126 0,-53.829545805400002 -25.818136934459901 0,-53.828625785029999 -25.81861235737 0,-53.828594187 -25.818508497570001 0,-53.828537703069898 -25.818334252210001 0,-53.828484308359997 -25.81820028209 0,-53.828447628139998 -25.81808320176 0,-53.828403657769897 -25.817982273270001 0,-53.828311411409999 -25.817758237290001 0,-53.828238204820003 -25.817671314279998 0,-53.82816471217 -25.81757832185 0,-53.828126088239898 -25.817461184460001 0,-53.828146480050002 -25.817273483760001 0,-53.828199496339998 -25.81707327174 0,-53.828248436929997 -25.816928544709999 0,-53.828263575649999 -25.816840336009999 0,-53.828254243810001 -25.816833758430001 0,-53.830413320269997 -25.816560749939999 0,-53.830875790859999 -25.816616076460001 0,-53.830975032589997 -25.816698169590001 0))
513320063;1;0;POLYGON ((-52.98306301 -25.657455146819999 0,-52.982669110170001 -25.658642880679999 0,-52.982330387749997 -25.658445289229899 0,-52.982035908450001 -25.65843609153 0,-52.981819650619897 -25.658240822 0,-52.981585486779998 -25.658203500959999 0,-52.98109109288 -25.65825285739 0,-52.979815296909997 -25.657771810460002 0,-52.979298270549997 -25.657679129830001 0,-52.979053094020003 -25.65725324353 0,-52.979125838690003 -25.656868533459999 0,-52.979146009620003 -25.656756902310001 0,-52.979329380460001 -25.656601156619999 0,-52.979756903030001 -25.657694322329899 0,-52.979887978059999 -25.657717034889899 0,-52.980109070879998 -25.657328136589999 0,-52.980323902839999 -25.657489096630002 0,-52.980351178009997 -25.657312727699999 0,-52.980497746209998 -25.657092336 0,-52.980759162369999 -25.657331010139998 0,-52.980874386629999 -25.65716062413 0,-52.980915844069997 -25.656971268580001 0,-52.980844550389897 -25.65661405474 0,-52.980624410609998 -25.656454340349999 0,-52.981128348829998 -25.65576862072 0,-52.98207422174 -25.65655386057 0,-52.982590073540003 -25.656999669049998 0,-52.98306301 -25.657455146819999 0))
513320063;1;1;POLYGON ((-52.982871163029998 -25.649768391359999 0,-52.984967775709997 -25.64977185863 0,-52.984815580099998 -25.650254975479999 0,-52.984476916459997 -25.650461244860001 0,-52.984710825249998 -25.65158341695 0,-52.984370663950003 -25.652981264289998 0,-52.984006939479897 -25.653997796310001 0,-52.982772739790001 -25.6534228069 0,-52.982932019869999 -25.65278186379 0,-52.982950544 -25.652238849749999 0,-52.982830932269998 -25.65178520784 0,-52.982829592420003 -25.650815551819999 0,-52.98315335745 -25.650410120379998 0,-52.982923763450003 -25.650051841220002 0,-52.982871163029998 -25.649768391359999 0))
513320064;1;0;POLYGON ((-49.483494972159903 -27.515191253339999 0,-49.484009956290002 -27.514843945070002 0,-49.484072988199998 -27.51483086152 0,-49.484096457529901 -27.514857623329998 0,-49.484082375930001 -27.514903415740001 0,-49.484055553840001 -27.514950992260001 0,-49.484097128080002 -27.515055660510001 0,-49.484060918259999 -27.515150813390001 0,-49.483814155029997 -27.51536490706 0,-49.483669315749999 -27.5153411189 0,-49.483615671560003 -27.515288784909998 0,-49.483556662970003 -27.51526499673 0,-49.483494972159903 -27.515191253339999 0))
513320064;1;1;POLYGON ((-49.485624560159998 -27.51434195017 0,-49.485690274280003 -27.51443472483 0,-49.485734530729999 -27.514532257079999 0,-49.48580158595 -27.514732078969999 0,-49.48565406446 -27.51478679205 0,-49.485595055860003 -27.514746351949999 0,-49.485356339260001 -27.51481295916 0,-49.485337563800002 -27.514779655560002 0,-49.485251733109997 -27.514793928540001 0,-49.48518467788 -27.514798686190002 0,-49.485106893820003 -27.514489438049999 0,-49.485361703679999 -27.514415694139998 0,-49.485624560159998 -27.51434195017 0))
513320064;1;2;POLYGON ((-49.483080563119998 -27.51701263587 0,-49.482869846489997 -27.517070995739999 0,-49.482572121289998 -27.517163768100001 0,-49.482529205939997 -27.517109056199999 0,-49.482702314549996 -27.516704474859999 0,-49.482764005360004 -27.5164777018 0,-49.482835732989997 -27.51621411547 0,-49.48286523729 -27.515945310980001 0,-49.482982359529998 -27.51576875101 0,-49.483145974279999 -27.51581870595 0,-49.4833015424 -27.515828221180001 0,-49.483502708080003 -27.51576875101 0,-49.483691665339997 -27.515727244680001 0,-49.483852597880002 -27.515560727960001 0,-49.483935746359997 -27.515498878830002 0,-49.484083267850004 -27.515448923739999 0,-49.484199044279997 -27.51526695918 0,-49.484282192759999 -27.515109957060002 0,-49.484335836939998 -27.515005288849999 0,-49.484349247979999 -27.51489110524 0,-49.484531638189999 -27.51480308863 0,-49.484676477480001 -27.51492916646 0,-49.484743532709999 -27.5151361241 0,-49.484834727809996 -27.515383076660001 0,-49.484893736410001 -27.515599548689998 0,-49.483769890829997 -27.516567803 0,-49.483413157039998 -27.516838984749999 0,-49.483080563119998 -27.51701263587 0))
513320065;1;0;POLYGON ((-53.16793704426 -26.275031721560001 0,-53.167979959599997 -26.274925897919999 0,-53.16817307865 -26.274858555550001 0,-53.168494943730003 -26.274820074179999 0,-53.168623689759997 -26.274916277580001 0,-53.168902639499997 -26.27546463545 0,-53.169203046909999 -26.275628180270001 0,-53.169728759880002 -26.27567628165 0,-53.17016864216 -26.27583982618 0,-53.17081237232 -26.27627273705 0,-53.170790914649999 -26.279928364469999 0,-53.170308117019999 -26.279995703899999 0,-53.169975523109997 -26.280418979389999 0,-53.167432788959999 -26.280303540769999 0,-53.167550806160001 -26.279976464059999 0,-53.167346958270002 -26.27974558583 0,-53.166907075989997 -26.2798225453 0,-53.16645646488 -26.280149622429899 0,-53.166145328630002 -26.28025544131 0,-53.165834192390001 -26.27987064493 0,-53.165565971489897 -26.279707106089901 0,-53.164879325980003 -26.27951470715 0,-53.164557460899999 -26.278725868159999 0,-53.164321426500003 -26.278523847559999 0,-53.164117578620001 -26.277667661100001 0,-53.16343093311 -26.277157794250002 0,-53.162980322 -26.276580583800001 0,-53.163055423849997 -26.27566666137 0,-53.1655337849799 -26.276542103 0,-53.165802005880003 -26.276955770920001 0,-53.1658985653999 -26.277186654699999 0,-53.165920023079998 -26.277609940440001 0,-53.16622043049 -26.278196765840001 0,-53.16645646488 -26.27813904544 0,-53.16645646488 -26.277792722440001 0,-53.166316990010003 -26.277571459979999 0,-53.16622043049 -26.277013491910001 0,-53.1664028207 -26.276830708679999 0,-53.1677117387 -26.277282856140001 0,-53.167701009859996 -26.277542599629999 0,-53.167851213569897 -26.277667661100001 0,-53.168044332619999 -26.277619560550001 0,-53.168441299549997 -26.278110185229998 0,-53.168720249289997 -26.277638800769999 0,-53.169020656699999 -26.277763862139999 0,-53.169117216220002 -26.277504119149999 0,-53.168580774420001 -26.27678260779 0,-53.168280367009899 -26.276955770920001 0,-53.168001417269998 -26.276869189389998 0,-53.167872671239998 -26.276494001980002 0,-53.16793704426 -26.275031721560001 0))
513320065;1;1;POLYGON ((-53.170850625859998 -26.273328465270001 0,-53.170818439350001 -26.275348745910001 0,-53.169573894369996 -26.274559878609999 0,-53.169509521350001 -26.274348230369998 0,-53.16928421579 -26.274434813789998 0,-53.169466606 -26.274896590920001 0,-53.169241300449997 -26.27508899751 0,-53.168554654940003 -26.274280887669999 0,-53.16864048563 -26.273934553149999 0,-53.1683615358899 -26.273492013110001 0,-53.16830789171 -26.273645940270001 0,-53.16817914568 -26.273645940270001 0,-53.168114772659997 -26.27319377864 0,-53.170850625859998 -26.273328465270001 0))
513320066;1;0;POLYGON ((-53.156490315699997 -25.565016953880001 0,-53.155368076210003 -25.56489182472 0,-53.154290943710002 -25.56476366535 0,-53.152963626979997 -25.56467378332 0,-53.153280290150001 -25.564248647109999 0,-53.153336929760002 -25.563791352380001 0,-53.153874544019999 -25.563336216149999 0,-53.154329518170002 -25.562948154619999 0,-53.155086497280003 -25.562865546640001 0,-53.157279769790001 -25.563193018530001 0,-53.156490315699997 -25.565016953880001 0))
513320066;1;1;POLYGON ((-53.15251863348 -25.56420942379 0,-53.15230706114 -25.564463640869899 0,-53.151744830890003 -25.564540261699999 0,-53.151283908899998 -25.564363258259998 0,-53.151178349570003 -25.562809485100001 0,-53.151270143929999 -25.562067208039998 0,-53.151953723870001 -25.562388728479998 0,-53.15196349024 -25.562388728070001 0,-53.152603480910003 -25.562672200200002 0,-53.15251863348 -25.56420942379 0))
513320066;1;2;POLYGON ((-53.151267772600001 -25.599136101269998 0,-53.150872752269997 -25.599757039199901 0,-53.150584257609999 -25.600589665609998 0,-53.150445953869998 -25.601276413379999 0,-53.149585427790001 -25.60195629016 0,-53.148807390959902 -25.602346626519999 0,-53.148382130130003 -25.601029894229999 0,-53.14745360373 -25.59920071058 0,-53.148226098069998 -25.598428049879999 0,-53.148227178649996 -25.59841042032 0,-53.148167844690001 -25.597555972289999 0,-53.151554305140003 -25.598490291859999 0,-53.151267772600001 -25.599136101269998 0))
513320066;1;3;POLYGON ((-53.152958954070002 -25.598601823620001 0,-53.153105509379998 -25.59878141259 0,-53.153590839640003 -25.59924194333 0,-53.154215819660003 -25.599695003440001 0,-53.152282117150001 -25.600538077820001 0,-53.152242835609897 -25.600760866969999 0,-53.152615679569998 -25.601518402069999 0,-53.153150628420001 -25.60263230584 0,-53.15354632519 -25.603468575600001 0,-53.153908575289996 -25.60418282993 0,-53.154080737789897 -25.604566003559999 0,-53.153651113670001 -25.604655368 0,-53.153234167299999 -25.60455875781 0,-53.152653275119903 -25.6041490093899 0,-53.15132085103 -25.601995243849998 0,-53.151353158120003 -25.601208604770001 0,-53.151878342590003 -25.60040942214 0,-53.151962654190001 -25.5999302718199 0,-53.151921568100001 -25.599840446 0,-53.151902571409998 -25.599827453029999 0,-53.151610029750003 -25.599766289089999 0,-53.151590997379998 -25.599618416559998 0,-53.151695057940003 -25.599441484690001 0,-53.15202337425 -25.599131269970002 0,-53.152958954070002 -25.598601823620001 0))
513320069;1;0;POLYGON ((-53.39153672026 -25.577142606479999 0,-53.391884064819997 -25.576302338990001 0,-53.392222398299999 -25.57569309218 0,-53.392510669369997 -25.575336600429999 0,-53.394802639269997 -25.576239674229999 0,-53.394850013499997 -25.576764241909999 0,-53.394157434659903 -25.577422983040002 0,-53.39371987997 -25.578018187199898 0,-53.39153672026 -25.577142606479999 0))
513320070;1;0;POLYGON ((-53.028293 -27.127543 0,-53.027774 -27.127736 0,-53.027181 -27.127851 0,-53.027091 -27.127497 0,-53.026905 -27.126945 0,-53.026658 -27.126039 0,-53.027198 -27.125737 0,-53.028604999999899 -27.127351999999899 0,-53.028293 -27.127543 0))
513320071;1;0;POLYGON ((-46.359011 -13.851526 0,-46.363679 -13.849658 0,-46.36432 -13.851043 0,-46.354443 -13.854612999999899 0,-46.353097 -13.852969 0,-46.359011 -13.851526 0))
513320072;1;0;POLYGON ((-52.845636 -29.379285 0,-52.84553 -29.379102 0,-52.845724 -29.378932 0,-52.845635 -29.378674 0,-52.845337 -29.378951 0,-52.845323 -29.379452 0,-52.844985 -29.379795 0,-52.84479 -29.379862 0,-52.844655 -29.379859 0,-52.844635 -29.379808 0,-52.84466 -29.37974 0,-52.844559 -29.379551 0,-52.844445 -29.379349 0,-52.844416 -29.379194 0,-52.844594 -29.378954 0,-52.845028 -29.378615 0,-52.845098 -29.378529 0,-52.845646 -29.378036 0,-52.845826 -29.377753 0,-52.846018 -29.377495 0,-52.846481 -29.377147 0,-52.847195 -29.37805 0,-52.845636 -29.379285 0))
513320075;1;0;POLYGON ((-54.094115 -24.082763 0,-54.094286 -24.082498 0,-54.094278 -24.082284 0,-54.094337 -24.082102 0,-54.094494 -24.081952 0,-54.094487 -24.081798 0,-54.094368 -24.081839 0,-54.094297 -24.081769 0,-54.094274 -24.081623 0,-54.094096 -24.081643 0,-54.09401 -24.08162 0,-54.09377 -24.08097 0,-54.093861 -24.080638 0,-54.094207 -24.080218 0,-54.094357 -24.07994 0,-54.094983 -24.078814 0,-54.099825 -24.079148 0,-54.099704 -24.081551 0,-54.0985 -24.08117 0,-54.097579 -24.081038 0,-54.097135 -24.081159 0,-54.096164 -24.08121 0,-54.095313 -24.081322 0,-54.094931 -24.081414 0,-54.094305 -24.081619 0,-54.094331 -24.081772 0,-54.095089 -24.081531 0,-54.095507 -24.081432 0,-54.095789 -24.081415 0,-54.096407 -24.08138 0,-54.096543 -24.081385 0,-54.09713 -24.08145 0,-54.097515 -24.081459 0,-54.098379 -24.081624 0,-54.098764 -24.081723 0,-54.098946 -24.081964 0,-54.09917 -24.081989 0,-54.09942 -24.082057 0,-54.099735 -24.082279 0,-54.099686 -24.083767 0,-54.094115 -24.082763 0))
513320076;1;0;POLYGON ((-54.296547174449998 -25.26902188107 254.47,-54.296568632129997 -25.268764771680001 252.98,-54.296214580540003 -25.268643493470002 252.82,-54.296107292179997 -25.268677451379901 252.81,-54.296048283579999 -25.2688811986399 252.81,-54.296000003810001 -25.269550651509899 256.89,-54.293961524959897 -25.269506991650001 259.47,-54.294176101680002 -25.2645587727399 255.43,-54.296396970750003 -25.264636393419998 246.45,-54.296552538870003 -25.265126372800001 243.57,-54.296751022339997 -25.265334977279998 241.49,-54.297008514399998 -25.265339828550001 240.14,-54.297019243240001 -25.26521854692 241.66,-54.297062158579998 -25.264801337200002 243.43,-54.297147989270002 -25.264655798580002 244.71,-54.297373294830003 -25.264694608900001 242.82,-54.297271370890002 -25.269545800420001 255.75,-54.296525716780003 -25.269516693850001 256.78,-54.296418428419997 -25.269342054269998 255.82,-54.29638624191 -25.26952639604 256.78,-54.296171665190002 -25.26952639604 257.11,-54.296182394029998 -25.26925473439 256.08,-54.296396970750003 -25.269274138819998 255.82,-54.296547174449998 -25.26902188107 254.47))
513320076;1;1;POLYGON ((-54.330101986419997 -25.256988661169999 263.06,-54.33005043771 -25.258397094159999 264.95,-54.32676913217 -25.259051064840001 273.53,-54.326831870710002 -25.258224978080001 273.69,-54.326839162970003 -25.25596804021 269.44,-54.325124770400002 -25.255842731449999 267.59,-54.325160980219998 -25.25293819294 262.26,-54.325464572759998 -25.253024197910001 262.14,-54.325983203019902 -25.25334949246 264.86,-54.326729360039998 -25.253988821459998 266.23,-54.327450748529998 -25.254655096720001 265.55,-54.328262954949999 -25.25537246239 264.65,-54.328759247439997 -25.255868013050002 264.26,-54.329407503829998 -25.256661557009998 264.6,-54.32960037142 -25.256944996800001 264.35,-54.329806775789997 -25.257105554260001 263.66,-54.330101986419997 -25.256988661169999 263.06))
513320077;1;0;POLYGON ((-53.060260891250003 -25.9041785860699 0,-53.060525826689897 -25.906004273520001 0,-53.060144714380002 -25.906497598360001 0,-53.059191923930001 -25.906426527850002 0,-53.059098969129998 -25.906338733049999 0,-53.058857285229998 -25.9064641535 0,-53.058762181349998 -25.906265570230001 0,-53.058699263969899 -25.906066986620001 0,-53.058824754710002 -25.905705838069998 0,-53.058866587060002 -25.905079804900002 0,-53.058759692240002 -25.904625921779999 0,-53.060260891250003 -25.9041785860699 0))
513320077;1;1;POLYGON ((-53.06047931701 -25.904116206419999 0,-53.06043178873 -25.90382408692 0,-53.060519939099997 -25.903070543209999 0,-53.061453433330001 -25.902726212680001 0,-53.0619906632 -25.902612677219999 0,-53.062311071949999 -25.902689889089899 0,-53.062561460600001 -25.902635277960002 0,-53.062683116450003 -25.902688894779999 0,-53.062774135799998 -25.902859835680001 0,-53.062895465199901 -25.90282612499 0,-53.062959041040003 -25.902740930429999 0,-53.063222504979997 -25.90282081878 0,-53.063272479209999 -25.903098623609999 0,-53.06323016148 -25.903311765910001 0,-53.063106971640003 -25.903567991309998 0,-53.062966426080003 -25.90382802805 0,-53.062898513759997 -25.904001129099999 0,-53.062913004670001 -25.904439517579998 0,-53.062396763700001 -25.90439066523 0,-53.062275390019998 -25.9040271123 0,-53.061117535869997 -25.903974950479999 0,-53.06047931701 -25.904116206419999 0))
513320077;1;2;POLYGON ((-53.061117535869997 -25.903974950479999 0,-53.062275390019998 -25.9040271123 0,-53.062396763700001 -25.90439066523 0,-53.062913004670001 -25.904439517579998 0,-53.062817548330003 -25.90459564 0,-53.062953907080001 -25.90491300807 0,-53.0631719338799 -25.90509898813 0,-53.063348449179998 -25.905374659109999 0,-53.063702181479997 -25.905720807550001 0,-53.063768130850001 -25.905933429409899 0,-53.063567272729998 -25.906155710850001 0,-53.063237047039998 -25.906080311269999 0,-53.063102078059998 -25.906067737450002 0,-53.062828092899998 -25.906251948489999 0,-53.062758921229999 -25.906393936019999 0,-53.062727673399998 -25.90670190114 0,-53.062800873770001 -25.90704178032 0,-53.062854890319997 -25.907515016409999 0,-53.063092616180001 -25.90775420356 0,-53.06332635743 -25.907825367849998 0,-53.064190912550004 -25.90778349587 0,-53.064578351980003 -25.907825340550001 0,-53.064791780020002 -25.907758354769999 0,-53.065575179059998 -25.907863168319999 0,-53.065871643820003 -25.90772023996 0,-53.066067566149897 -25.90772864905 0,-53.066848381900002 -25.908067403610001 0,-53.06762919765 -25.90856056542 0,-53.067687082840003 -25.908759662040001 0,-53.067798368209999 -25.90878450101 0,-53.068004766420003 -25.908593772060001 0,-53.068054384 -25.908439959020001 0,-53.06802066174 -25.9082983005 0,-53.068093997859997 -25.90818558226 0,-53.068133991960003 -25.907926976300001 0,-53.068226864960003 -25.90793529962 0,-53.068627544320002 -25.90813068396 0,-53.068760702820001 -25.9079893778 0,-53.06907059257 -25.907860261410001 0,-53.069367409510001 -25.907626397009999 0,-53.069556447579998 -25.907451449580002 0,-53.0696663181199 -25.907146266680002 0,-53.069782257390003 -25.907054008359999 0,-53.07126571589 -25.90741610581 0,-53.071239642359998 -25.907620021970001 0,-53.071707847790002 -25.907917313110001 0,-53.07155593945 -25.908030523480001 0,-53.072263714089999 -25.90858302941 0,-53.072087311490002 -25.908803599540001 0,-53.07192506754 -25.908908500140001 0,-53.071474408439997 -25.909506753180001 0,-53.071188330680002 -25.910102585920001 0,-53.070967928579996 -25.91025463603 0,-53.070824883980002 -25.910196785829999 0,-53.070593828260002 -25.91015957854 0,-53.070307049260002 -25.910022930890001 0,-53.070052388240001 -25.909985624849998 0,-53.070014333339998 -25.90990261124 0,-53.069537327139997 -25.909993952530002 0,-53.069421180120003 -25.909823684389998 0,-53.069384562239897 -25.9095864803799 0,-53.070006817239999 -25.909375805540002 0,-53.070390300370001 -25.9091686105 0,-53.0705245699899 -25.90904814001 0,-53.070580083910002 -25.908787670460001 0,-53.070500698250001 -25.908770779529998 0,-53.070243801229999 -25.908969053669999 0,-53.069889355580003 -25.908998552620002 0,-53.06935791019 -25.909032255469999 0,-53.06880376953 -25.909103781439999 0,-53.068323635920002 -25.90901548035 0,-53.068225785279999 -25.909049147769998 0,-53.068272959829997 -25.90933039007 0,-53.068222428040002 -25.909602089829999 0,-53.067957333850003 -25.90949356002 0,-53.067687168520003 -25.909567163249999 0,-53.067443314370003 -25.909583830599999 0,-53.066962541559903 -25.909463245520001 0,-53.066369337419999 -25.90928089102 0,-53.06612809768 -25.909280899830001 0,-53.065698114729997 -25.909270134090001 0,-53.065479807229998 -25.909228410019999 0,-53.065079215769899 -25.908990042189998 0,-53.064633196929996 -25.908906206499999 0,-53.06311384032 -25.908498042369999 0,-53.061098143979997 -25.908058636260002 0,-53.061151715279998 -25.908010711599999 0,-53.061155581690002 -25.907904440829999 0,-53.060975240490002 -25.90768093214 0,-53.060821490919999 -25.907608523179999 0,-53.060610717220001 -25.90761930519 0,-53.060476822200002 -25.907465413770002 0,-53.060588103630003 -25.906617249619998 0,-53.060383440899997 -25.906208920849998 0,-53.060525826689897 -25.906004273520001 0,-53.060260891250003 -25.9041785860699 0,-53.061117535869997 -25.903974950479999 0))
513320077;1;3;POLYGON ((-53.058691374699997 -25.906764729319999 0,-53.05862314382 -25.906854966289998 0,-53.058629531960001 -25.907160607209999 0,-53.058550787480002 -25.90722163989 0,-53.058518433819998 -25.9073211505 0,-53.05830421081 -25.907298688659999 0,-53.058239965509998 -25.907256960969999 0,-53.058032806139998 -25.90735323402 0,-53.057840014969997 -25.907359649589999 0,-53.057576234770004 -25.907567956609999 0,-53.056643700949998 -25.9075695293199 0,-53.056568640519998 -25.9075088144 0,-53.056489501809999 -25.907336083760001 0,-53.056524487730002 -25.90716950905 0,-53.056688180419997 -25.907025166570001 0,-53.057094954930001 -25.906806710590001 0,-53.057391584359998 -25.906623276800001 0,-53.0578570882099 -25.906355653879999 0,-53.058502350609999 -25.90622322474 0,-53.058694056059998 -25.906571731250001 0,-53.058691374699997 -25.906764729319999 0))
513320078;1;0;POLYGON ((-53.375099786660002 -25.915488637100001 0,-53.37534012415 -25.915789362470001 0,-53.375638807590001 -25.916065695499999 0,-53.376100142559999 -25.9163202682 0,-53.376396094489998 -25.916391063590002 0,-53.376692681340003 -25.916776517230002 0,-53.373911420159899 -25.91823869277 0,-53.374554739380002 -25.921014635750002 0,-53.376249529509998 -25.921245154320001 0,-53.37577236045 -25.921431521830002 0,-53.374895443419902 -25.921490116859999 0,-53.374521589990003 -25.9213856168099 0,-53.37415657148 -25.921195468640001 0,-53.373802418300002 -25.920901044970002 0,-53.373137282389997 -25.920036006530001 0,-53.373095644099998 -25.919759423239999 0,-53.372365534369997 -25.919168998189999 0,-53.37112199928 -25.9192996960799 0,-53.370284918149999 -25.919307903140002 0,-53.369338101529998 -25.91966938765 0,-53.369060852860002 -25.920021813559899 0,-53.368609546050003 -25.920292546900001 0,-53.368220821329999 -25.92067714037 0,-53.36813807979 -25.920481077929999 0,-53.368210288269999 -25.920282799039999 0,-53.368250046619998 -25.919139796140001 0,-53.368266964089997 -25.918451129259999 0,-53.36831079049 -25.918175617079999 0,-53.368090867969997 -25.917413089099998 0,-53.3680706329 -25.916960600140001 0,-53.368223287120003 -25.916815021320001 0,-53.36822917245 -25.91663169804 0,-53.36849444624 -25.91626066453 0,-53.368593958349997 -25.915936560199999 0,-53.368376337809998 -25.915779118610001 0,-53.36796903055 -25.915579384050002 0,-53.367504038260002 -25.915078823929999 0,-53.367355056629997 -25.914878906110001 0,-53.367137664479898 -25.914848202190001 0,-53.366705321349897 -25.9148620120299 0,-53.366316869149998 -25.91477688342 0,-53.365292460100001 -25.914911759119999 0,-53.364751516079998 -25.914744368209998 0,-53.364172655330002 -25.91402495394 0,-53.36313072523 -25.913430869919999 0,-53.363115538750002 -25.91313042869 0,-53.363418240739897 -25.912830836520001 0,-53.363558298199997 -25.912470644839999 0,-53.365163087399999 -25.912169526029899 0,-53.365744419030001 -25.911712793949999 0,-53.366290471219997 -25.911646240700001 0,-53.36595539084 -25.911998764340002 0,-53.36575010816 -25.912152583979999 0,-53.365474839340003 -25.912517208299999 0,-53.365351327340001 -25.912996920520001 0,-53.36581843319 -25.913386583649999 0,-53.366225130990003 -25.91368551695 0,-53.366428334129999 -25.913917510160001 0,-53.36657604517 -25.9141489155 0,-53.367260903850003 -25.913882525950001 0,-53.367520534260002 -25.913881659179999 0,-53.368136304409902 -25.91367694417 0,-53.368646951460001 -25.913334208 0,-53.368799369580003 -25.913314561020002 0,-53.368903700209998 -25.91363555873 0,-53.368604090769999 -25.914459948600001 0,-53.368829281069999 -25.914693519490001 0,-53.369228644700001 -25.914305649220001 0,-53.369536634909998 -25.91299069155 0,-53.36991025319 -25.91274151452 0,-53.370870942480003 -25.91219033054 0,-53.371067017549997 -25.91218684363 0,-53.370690322839998 -25.912573811159898 0,-53.370422179560002 -25.9134061106 0,-53.370531355049998 -25.91369759222 0,-53.370438748300003 -25.914365123260001 0,-53.370736659679999 -25.914687435739999 0,-53.371082491240003 -25.914891422770001 0,-53.370385488429903 -25.916077238100002 0,-53.370331766680003 -25.916168960099998 0,-53.3703119495 -25.916275660579998 0,-53.37085874524 -25.916278676299999 0,-53.371327072470002 -25.91646612637 0,-53.371543772869998 -25.916531869450001 0,-53.3718106277 -25.916201396129999 0,-53.372064954469998 -25.915913459950001 0,-53.372212065999904 -25.9154504485 0,-53.372334481320003 -25.915245350359999 0,-53.372529655690002 -25.915092074579999 0,-53.372667156629902 -25.91486861109 0,-53.372805360119898 -25.914435786209999 0,-53.37292422382 -25.914189390599901 0,-53.373275606200004 -25.91396827322 0,-53.373670402069997 -25.91395940072 0,-53.373906136370003 -25.914322847320001 0,-53.373928686760003 -25.914906412939999 0,-53.374912278979998 -25.9153000823 0,-53.375099786660002 -25.915488637100001 0))
513320078;1;1;POLYGON ((-53.369535097060002 -25.912922678009998 0,-53.369496726949997 -25.91272829419 0,-53.369362195050002 -25.912478537259901 0,-53.369178040549897 -25.91235428681 0,-53.369012912439999 -25.912247840420001 0,-53.368907970519999 -25.911922264289998 0,-53.369088545819999 -25.91162669214 0,-53.369204901060002 -25.911345559520001 0,-53.369128159740001 -25.9109664145099 0,-53.368740546570002 -25.910599392030001 0,-53.368512517749998 -25.910916743240001 0,-53.36860754269 -25.911055376130001 0,-53.368709945790002 -25.911277890979999 0,-53.368598520479999 -25.91164317886 0,-53.368504528130003 -25.911910085319999 0,-53.368463054320003 -25.91216062234 0,-53.368616241929999 -25.912412031470001 0,-53.368787099179997 -25.912610077739998 0,-53.368874604449999 -25.912755045659999 0,-53.368868399109999 -25.913010931180001 0,-53.36888431018 -25.91325325399 0,-53.368810722020001 -25.913307915800001 0,-53.36864322169 -25.91332106115 0,-53.368125934589997 -25.913663147099999 0,-53.367524181149903 -25.91386450888 0,-53.367255961780003 -25.91387152603 0,-53.366580708310003 -25.91413282381 0,-53.366454856840001 -25.913928170799998 0,-53.366231506920002 -25.9136651996299 0,-53.36582399532 -25.913376582409999 0,-53.36536590291 -25.912995198579999 0,-53.365480431469997 -25.91254822754 0,-53.365769936169997 -25.912174696569998 0,-53.365969657050002 -25.912025937780001 0,-53.36630513835 -25.911642986290001 0,-53.366356235079998 -25.911592184749999 0,-53.36648349307 -25.911608682379999 0,-53.366671942579998 -25.91150222401 0,-53.36680470292 -25.91135960599 0,-53.367070936419999 -25.911107656590001 0,-53.367156580389903 -25.91100340197 0,-53.367281920949999 -25.910889435880001 0,-53.367477170660003 -25.910790395849901 0,-53.367742012320001 -25.9106890855799 0,-53.368012504790002 -25.910697771919999 0,-53.368484634250002 -25.9108850731199 0,-53.368699664189997 -25.910586231860002 0,-53.36818459074 -25.910135930189998 0,-53.367185321370002 -25.910104920119998 0,-53.36642561571 -25.91100036868 0,-53.36617965168 -25.911064600500001 0,-53.365840053740001 -25.91100458332 0,-53.365213732050002 -25.911299124159999 0,-53.365394760969998 -25.909892352330001 0,-53.365362968809997 -25.909274982119999 0,-53.365552452899998 -25.90869786232 0,-53.365926426130002 -25.908395587299999 0,-53.36638361803 -25.908442994409999 0,-53.367128944969998 -25.90884194194 0,-53.367885691300003 -25.909076404650001 0,-53.368330372949998 -25.908613834480001 0,-53.368731865789997 -25.908550863199999 0,-53.369201484489999 -25.908865494339999 0,-53.369722712300003 -25.909095394960001 0,-53.369978704040001 -25.909065284059999 0,-53.370092319309997 -25.909044839789999 0,-53.370390402879998 -25.90929805175 0,-53.370384622480003 -25.909660906349998 0,-53.370459930149998 -25.9098608402699 0,-53.370632591640003 -25.910088111330001 0,-53.370654579639996 -25.910798393730001 0,-53.370994884929999 -25.910827564750001 0,-53.371188946350003 -25.91105388714 0,-53.371274274530002 -25.91125326881 0,-53.371225785580002 -25.9115954464 0,-53.371105040940002 -25.912151657870002 0,-53.370849675780001 -25.912149331449999 0,-53.369535097060002 -25.912922678009998 0))
513320082;1;0;POLYGON ((-53.038191267169999 -25.936595172219999 0,-53.036155581759999 -25.936105055620001 0,-53.036721030400003 -25.935564217469999 0,-53.037213311 -25.935716191040001 0,-53.037513566180003 -25.93559127784 0,-53.037742310509998 -25.935520910280001 0,-53.037866865689999 -25.935752964180001 0,-53.037956824829998 -25.93574301608 0,-53.038043574710002 -25.93563029365 0,-53.0379918496199 -25.93548251719 0,-53.037524221749997 -25.935088962550001 0,-53.03755664202 -25.934933844789999 0,-53.037535703289997 -25.93485623131 0,-53.037374958020003 -25.934744813230001 0,-53.037723959540003 -25.93429813361 0,-53.038304398690002 -25.933657208250001 0,-53.03869380682 -25.933343350049999 0,-53.038629794819997 -25.933895443730002 0,-53.038548974369903 -25.933938392729999 0,-53.038552648740001 -25.934030897140001 0,-53.038490196969903 -25.934133313139998 0,-53.038557384619999 -25.934218516310001 0,-53.038516435 -25.934536755299899 0,-53.038270843420001 -25.935688523250001 0,-53.03810016053 -25.935684740949998 0,-53.038000930400003 -25.93579166452 0,-53.037936870860001 -25.93581569469 0,-53.037906105579999 -25.935870471200001 0,-53.038191267169999 -25.936595172219999 0))
513320082;1;1;POLYGON ((-53.036503989490001 -25.934609112090001 0,-53.036274951529997 -25.934708160220001 0,-53.036182343669999 -25.9346281469 0,-53.036047181679997 -25.934754410069999 0,-53.036260254390001 -25.93490968767 0,-53.03635786708 -25.935044211529998 0,-53.0359314512 -25.935433505639999 0,-53.0355842843 -25.93538550209 0,-53.035300849869998 -25.935460154320001 0,-53.035106696660002 -25.935497821870001 0,-53.034304030260003 -25.9349952546 0,-53.034609632150001 -25.934669167660001 0,-53.034222653560001 -25.934194297400001 0,-53.034034054560003 -25.9342409956 0,-53.033940946279998 -25.93435327197 0,-53.033771658150002 -25.934417973479999 0,-53.033459428169998 -25.93445698192 0,-53.033309259779998 -25.934376718900001 0,-53.033800209349998 -25.93334192376 0,-53.035527716159997 -25.9338014378399 0,-53.036775862939997 -25.934212604060001 0,-53.036503989490001 -25.934609112090001 0))
513320082;1;2;POLYGON ((-53.038313393209997 -25.936810695510001 0,-53.03845880011 -25.937351140210001 0,-53.03845107083 -25.937447281139999 0,-53.036110322459997 -25.93797876459 0,-53.035898396020002 -25.937201264590001 0,-53.035977455309997 -25.936728568540001 0,-53.036022348990002 -25.936494632759999 0,-53.036088700339903 -25.936260696520002 0,-53.036155581759999 -25.936105055620001 0,-53.038191267169999 -25.936595172219999 0,-53.038313393209997 -25.936810695510001 0))
513320083;1;0;POLYGON ((-52.404192 -27.385125 457.49,-52.404546 -27.385116 449.94,-52.404728999999897 -27.385592 449.64,-52.40445 -27.385668 455.92,-52.404278 -27.385392 456.36,-52.404192 -27.385125 457.49))
513320085;1;0;POLYGON ((-59.214938739479997 -9.346528817479999 0,-59.214785003480003 -9.350514734180001 0,-59.208985870580001 -9.350319220419999 0,-59.208137845229999 -9.34928871584 0,-59.208091078560003 -9.34815416322 0,-59.20918474258 -9.347610905230001 0,-59.209688508649997 -9.34697897078 0,-59.210530121700003 -9.34637083953 0,-59.21144021656 -9.34640538559 0,-59.212570741180002 -9.34691471953 0,-59.213738008439996 -9.347075347099899 0,-59.214563171409999 -9.346502080240001 0,-59.214938739479997 -9.346528817479999 0))
513320086;1;0;POLYGON ((-53.315514817850001 -28.94770630056 386.3,-53.316432299459997 -28.947607327979998 389.42,-53.317660397899999 -28.947774373560001 392.36,-53.318694966839999 -28.948311120109999 395.92,-53.319252661539998 -28.94813733777 397.87,-53.319502623699996 -28.947180294190002 396.45,-53.318821854009997 -28.947021316210002 394.78,-53.318100850800001 -28.947174851269999 393.23,-53.31630199688 -28.946888164979999 388.49,-53.315430145009998 -28.94694634312 387.89,-53.315417071890003 -28.94746961297 386.9,-53.315140244630001 -28.94777117141 386.5,-53.31501850067 -28.947758481009998 386.5,-53.315076144940001 -28.947546974569999 386.5,-53.31508564256 -28.947537873209999 386.5,-53.315231927989998 -28.947124204600001 389.07,-53.315279160300001 -28.946961358159999 387.89,-53.314902748350001 -28.94691980264 392.28,-53.314581747760002 -28.9470267379 392.12,-53.314723674770001 -28.947743450770002 387.07,-53.314920838440003 -28.94797251448 385.19,-53.314840663440002 -28.948608449870001 381.75,-53.31491957139 -28.9499538874 377.22,-53.314879583669999 -28.95015692074 377.08,-53.314287706809999 -28.95034936935 376.61,-53.31400963814 -28.950586766490002 377.24,-53.313424623110002 -28.950804132790001 378.66,-53.313218519620001 -28.950692402729999 378.87,-53.313859274169999 -28.950431643080002 376.92,-53.314110397779999 -28.950141736879999 376.69,-53.313530792759998 -28.95037570877 377.45,-53.313068394470001 -28.950600272620001 378.87,-53.312782369349897 -28.95043610055 377.92,-53.312632578230001 -28.950093010540002 376.75,-53.312019147500003 -28.949882168719999 374.88,-53.311647926029998 -28.949740460409998 375.22,-53.311162285659996 -28.949314096449999 374.24,-53.311585240329997 -28.9489843706999 373.97,-53.313106697770003 -28.94933836513 376.31,-53.313899680319999 -28.949125650159999 378.42,-53.314395359130003 -28.94863443965 379.13,-53.314737912040002 -28.947991359970001 385.19,-53.314633531310001 -28.947926456949901 385.56,-53.314390337719999 -28.94836508937 380.8,-53.31408835765 -28.948721849879899 379.67,-53.313767049740001 -28.94906246327 378.75,-53.313145696889997 -28.9492237715999 376.31,-53.31249369719 -28.94914654718 374.06,-53.311634894729998 -28.948912866040001 373.97,-53.313443787440001 -28.944846983680002 408.21,-53.314033290459903 -28.944986688499998 409.57,-53.31593215417 -28.9451168629199 411.1,-53.318022120629998 -28.94567317564 407.1,-53.319016077039997 -28.94596959187 406.79,-53.319553269250001 -28.946268668569999 404.65,-53.319269552969999 -28.9465552648699 401.2,-53.319151697240002 -28.946835938380001 397.68,-53.319216212969998 -28.946926319260001 397.91,-53.3193242356 -28.946639380960001 401.2,-53.319595689300002 -28.946352642299999 404.65,-53.319785464669998 -28.946518235109998 403.54,-53.321761781230002 -28.949313185240001 418.86,-53.322987423790003 -28.949861112920001 418.46,-53.325078984450002 -28.950220389689999 417.08,-53.324272969230002 -28.953763287880001 426.74,-53.315102749929999 -28.950250614729999 378.3,-53.31487271836 -28.949024132750001 379.12,-53.315143332570003 -28.94815896758 384.34,-53.315514817850001 -28.94770630056 386.3))
513320090;1;0;POLYGON ((-44.449685 -20.577944 0,-44.451053 -20.579834 0,-44.449079 -20.581836 0,-44.447356 -20.580125 0,-44.449685 -20.577944 0))
513320091;1;0;POLYGON ((-46.549832 -4.767489 0,-46.54974 -4.76938 0,-46.552339 -4.774691 0,-46.547282 -4.777461 0,-46.538912 -4.767444 0,-46.547161 -4.763259 0,-46.549832 -4.767489 0))
513320092;1;0;POLYGON ((-42.676307 -20.961414 0,-42.675609 -20.959133 0,-42.677667 -20.957519 0,-42.680115 -20.95927 0,-42.676307 -20.961414 0))
513320093;1;0;POLYGON ((-46.066045 -22.370111 0,-46.065806 -22.370287 0,-46.065698 -22.370016 0,-46.065609 -22.369674 0,-46.065842 -22.369639 0,-46.066045 -22.370111 0))
513320094;1;0;POLYGON ((-44.725716 -11.811051 0,-44.727417 -11.809394 0,-44.729025 -11.810929 0,-44.727483 -11.812762 0,-44.725716 -11.811051 0))
